variant,kind,round,launch_through_completion_ns,warm_batch_ns,calls_per_batch,matches
K-ADD-c11-0,fresh-process,0,1480039,,0,True
K-ADD-llvm-0,fresh-process,0,1348875,,0,True
K-ADD-cranelift-0,fresh-process,0,1094612,,0,True
K-ADD-c11-2,fresh-process,0,1060867,,0,True
K-ADD-llvm-2,fresh-process,0,1352734,,0,True
K-ADD-cranelift-2,fresh-process,0,1646473,,0,True
K-ADD-c11-s,fresh-process,0,3319420,,0,True
K-ADD-llvm-s,fresh-process,0,1725004,,0,True
K-ADD-cranelift-s,fresh-process,0,2216677,,0,True
K-CALL-c11-0,fresh-process,0,1677001,,0,True
K-CALL-llvm-0,fresh-process,0,1622249,,0,True
K-CALL-cranelift-0,fresh-process,0,1230340,,0,True
K-CALL-c11-2,fresh-process,0,1045668,,0,True
K-CALL-llvm-2,fresh-process,0,1005244,,0,True
K-CALL-cranelift-2,fresh-process,0,2346873,,0,True
K-CALL-c11-s,fresh-process,0,1035231,,0,True
K-CALL-llvm-s,fresh-process,0,980429,,0,True
K-CALL-cranelift-s,fresh-process,0,1089698,,0,True
K-LOOP-MAX-c11-0,fresh-process,0,1215327,,0,True
K-LOOP-MAX-llvm-0,fresh-process,0,1156933,,0,True
K-LOOP-MAX-cranelift-0,fresh-process,0,1550621,,0,True
K-LOOP-MAX-c11-2,fresh-process,0,1039716,,0,True
K-LOOP-MAX-llvm-2,fresh-process,0,1075938,,0,True
K-LOOP-MAX-cranelift-2,fresh-process,0,1446212,,0,True
K-LOOP-MAX-c11-s,fresh-process,0,1383471,,0,True
K-LOOP-MAX-llvm-s,fresh-process,0,1599095,,0,True
K-LOOP-MAX-cranelift-s,fresh-process,0,1139749,,0,True
K-WORK-EXACT-c11-0,fresh-process,0,1155714,,0,True
K-WORK-EXACT-llvm-0,fresh-process,0,1599114,,0,True
K-WORK-EXACT-cranelift-0,fresh-process,0,3091276,,0,True
K-WORK-EXACT-c11-2,fresh-process,0,1032823,,0,True
K-WORK-EXACT-llvm-2,fresh-process,0,1237713,,0,True
K-WORK-EXACT-cranelift-2,fresh-process,0,3488040,,0,True
K-WORK-EXACT-c11-s,fresh-process,0,2030953,,0,True
K-WORK-EXACT-llvm-s,fresh-process,0,1337412,,0,True
K-WORK-EXACT-cranelift-s,fresh-process,0,1101316,,0,True
K-ADD-llvm-s,fresh-process,1,1195643,,0,True
K-ADD-cranelift-s,fresh-process,1,1336410,,0,True
K-CALL-c11-0,fresh-process,1,918767,,0,True
K-CALL-llvm-0,fresh-process,1,1876809,,0,True
K-CALL-cranelift-0,fresh-process,1,1098703,,0,True
K-CALL-c11-2,fresh-process,1,1156602,,0,True
K-CALL-llvm-2,fresh-process,1,2594982,,0,True
K-CALL-cranelift-2,fresh-process,1,1383322,,0,True
K-CALL-c11-s,fresh-process,1,1283204,,0,True
K-CALL-llvm-s,fresh-process,1,1350958,,0,True
K-CALL-cranelift-s,fresh-process,1,1500811,,0,True
K-LOOP-MAX-c11-0,fresh-process,1,1299492,,0,True
K-LOOP-MAX-llvm-0,fresh-process,1,1222975,,0,True
K-LOOP-MAX-cranelift-0,fresh-process,1,995629,,0,True
K-LOOP-MAX-c11-2,fresh-process,1,1169851,,0,True
K-LOOP-MAX-llvm-2,fresh-process,1,924965,,0,True
K-LOOP-MAX-cranelift-2,fresh-process,1,1764514,,0,True
K-LOOP-MAX-c11-s,fresh-process,1,1452898,,0,True
K-LOOP-MAX-llvm-s,fresh-process,1,1954456,,0,True
K-LOOP-MAX-cranelift-s,fresh-process,1,1672252,,0,True
K-WORK-EXACT-c11-0,fresh-process,1,1937089,,0,True
K-WORK-EXACT-llvm-0,fresh-process,1,1602559,,0,True
K-WORK-EXACT-cranelift-0,fresh-process,1,1398924,,0,True
K-WORK-EXACT-c11-2,fresh-process,1,1305562,,0,True
K-WORK-EXACT-llvm-2,fresh-process,1,1283882,,0,True
K-WORK-EXACT-cranelift-2,fresh-process,1,2540454,,0,True
K-WORK-EXACT-c11-s,fresh-process,1,1170850,,0,True
K-WORK-EXACT-llvm-s,fresh-process,1,1519255,,0,True
K-WORK-EXACT-cranelift-s,fresh-process,1,1365125,,0,True
K-ADD-c11-0,fresh-process,1,1673312,,0,True
K-ADD-llvm-0,fresh-process,1,1054471,,0,True
K-ADD-cranelift-0,fresh-process,1,982895,,0,True
K-ADD-c11-2,fresh-process,1,976587,,0,True
K-ADD-llvm-2,fresh-process,1,988591,,0,True
K-ADD-cranelift-2,fresh-process,1,1123216,,0,True
K-ADD-c11-s,fresh-process,1,1327050,,0,True
K-CALL-cranelift-2,fresh-process,2,1448637,,0,True
K-CALL-c11-s,fresh-process,2,1317095,,0,True
K-CALL-llvm-s,fresh-process,2,1097641,,0,True
K-CALL-cranelift-s,fresh-process,2,1013045,,0,True
K-LOOP-MAX-c11-0,fresh-process,2,1079996,,0,True
K-LOOP-MAX-llvm-0,fresh-process,2,1019893,,0,True
K-LOOP-MAX-cranelift-0,fresh-process,2,1074845,,0,True
K-LOOP-MAX-c11-2,fresh-process,2,1166813,,0,True
K-LOOP-MAX-llvm-2,fresh-process,2,3579616,,0,True
K-LOOP-MAX-cranelift-2,fresh-process,2,1138230,,0,True
K-LOOP-MAX-c11-s,fresh-process,2,1623074,,0,True
K-LOOP-MAX-llvm-s,fresh-process,2,1143225,,0,True
K-LOOP-MAX-cranelift-s,fresh-process,2,994143,,0,True
K-WORK-EXACT-c11-0,fresh-process,2,2226467,,0,True
K-WORK-EXACT-llvm-0,fresh-process,2,1610358,,0,True
K-WORK-EXACT-cranelift-0,fresh-process,2,1288047,,0,True
K-WORK-EXACT-c11-2,fresh-process,2,1277770,,0,True
K-WORK-EXACT-llvm-2,fresh-process,2,1322997,,0,True
K-WORK-EXACT-cranelift-2,fresh-process,2,1178908,,0,True
K-WORK-EXACT-c11-s,fresh-process,2,1355347,,0,True
K-WORK-EXACT-llvm-s,fresh-process,2,1778703,,0,True
K-WORK-EXACT-cranelift-s,fresh-process,2,1395640,,0,True
K-ADD-c11-0,fresh-process,2,1567359,,0,True
K-ADD-llvm-0,fresh-process,2,1084150,,0,True
K-ADD-cranelift-0,fresh-process,2,882330,,0,True
K-ADD-c11-2,fresh-process,2,1058776,,0,True
K-ADD-llvm-2,fresh-process,2,928093,,0,True
K-ADD-cranelift-2,fresh-process,2,1176129,,0,True
K-ADD-c11-s,fresh-process,2,1393683,,0,True
K-ADD-llvm-s,fresh-process,2,1087645,,0,True
K-ADD-cranelift-s,fresh-process,2,1044631,,0,True
K-CALL-c11-0,fresh-process,2,1337055,,0,True
K-CALL-llvm-0,fresh-process,2,1163076,,0,True
K-CALL-cranelift-0,fresh-process,2,1062650,,0,True
K-CALL-c11-2,fresh-process,2,1091782,,0,True
K-CALL-llvm-2,fresh-process,2,1072645,,0,True
K-LOOP-MAX-c11-2,fresh-process,3,1088492,,0,True
K-LOOP-MAX-llvm-2,fresh-process,3,1130588,,0,True
K-LOOP-MAX-cranelift-2,fresh-process,3,951454,,0,True
K-LOOP-MAX-c11-s,fresh-process,3,1018550,,0,True
K-LOOP-MAX-llvm-s,fresh-process,3,1070172,,0,True
K-LOOP-MAX-cranelift-s,fresh-process,3,1148298,,0,True
K-WORK-EXACT-c11-0,fresh-process,3,1473178,,0,True
K-WORK-EXACT-llvm-0,fresh-process,3,1322758,,0,True
K-WORK-EXACT-cranelift-0,fresh-process,3,1766208,,0,True
K-WORK-EXACT-c11-2,fresh-process,3,1254021,,0,True
K-WORK-EXACT-llvm-2,fresh-process,3,1187221,,0,True
K-WORK-EXACT-cranelift-2,fresh-process,3,1091201,,0,True
K-WORK-EXACT-c11-s,fresh-process,3,1152218,,0,True
K-WORK-EXACT-llvm-s,fresh-process,3,1216200,,0,True
K-WORK-EXACT-cranelift-s,fresh-process,3,1231404,,0,True
K-ADD-c11-0,fresh-process,3,1423697,,0,True
K-ADD-llvm-0,fresh-process,3,1091947,,0,True
K-ADD-cranelift-0,fresh-process,3,1020371,,0,True
K-ADD-c11-2,fresh-process,3,1160631,,0,True
K-ADD-llvm-2,fresh-process,3,894455,,0,True
K-ADD-cranelift-2,fresh-process,3,954418,,0,True
K-ADD-c11-s,fresh-process,3,1004085,,0,True
K-ADD-llvm-s,fresh-process,3,1046934,,0,True
K-ADD-cranelift-s,fresh-process,3,1369630,,0,True
K-CALL-c11-0,fresh-process,3,1277557,,0,True
K-CALL-llvm-0,fresh-process,3,1052968,,0,True
K-CALL-cranelift-0,fresh-process,3,1286691,,0,True
K-CALL-c11-2,fresh-process,3,1286250,,0,True
K-CALL-llvm-2,fresh-process,3,1000783,,0,True
K-CALL-cranelift-2,fresh-process,3,1255267,,0,True
K-CALL-c11-s,fresh-process,3,1743719,,0,True
K-CALL-llvm-s,fresh-process,3,995789,,0,True
K-CALL-cranelift-s,fresh-process,3,1812935,,0,True
K-LOOP-MAX-c11-0,fresh-process,3,1069684,,0,True
K-LOOP-MAX-llvm-0,fresh-process,3,1308523,,0,True
K-LOOP-MAX-cranelift-0,fresh-process,3,1202802,,0,True
K-WORK-EXACT-llvm-0,fresh-process,4,2208773,,0,True
K-WORK-EXACT-cranelift-0,fresh-process,4,1282308,,0,True
K-WORK-EXACT-c11-2,fresh-process,4,1151746,,0,True
K-WORK-EXACT-llvm-2,fresh-process,4,1617401,,0,True
K-WORK-EXACT-cranelift-2,fresh-process,4,1133157,,0,True
K-WORK-EXACT-c11-s,fresh-process,4,1352728,,0,True
K-WORK-EXACT-llvm-s,fresh-process,4,1687551,,0,True
K-WORK-EXACT-cranelift-s,fresh-process,4,2479054,,0,True
K-ADD-c11-0,fresh-process,4,1001262,,0,True
K-ADD-llvm-0,fresh-process,4,1081631,,0,True
K-ADD-cranelift-0,fresh-process,4,2140759,,0,True
K-ADD-c11-2,fresh-process,4,1026655,,0,True
K-ADD-llvm-2,fresh-process,4,929961,,0,True
K-ADD-cranelift-2,fresh-process,4,1239148,,0,True
K-ADD-c11-s,fresh-process,4,1954343,,0,True
K-ADD-llvm-s,fresh-process,4,961774,,0,True
K-ADD-cranelift-s,fresh-process,4,960328,,0,True
K-CALL-c11-0,fresh-process,4,1112520,,0,True
K-CALL-llvm-0,fresh-process,4,1074643,,0,True
K-CALL-cranelift-0,fresh-process,4,1439404,,0,True
K-CALL-c11-2,fresh-process,4,1280343,,0,True
K-CALL-llvm-2,fresh-process,4,1752230,,0,True
K-CALL-cranelift-2,fresh-process,4,1046276,,0,True
K-CALL-c11-s,fresh-process,4,1805461,,0,True
K-CALL-llvm-s,fresh-process,4,1214632,,0,True
K-CALL-cranelift-s,fresh-process,4,1017713,,0,True
K-LOOP-MAX-c11-0,fresh-process,4,966611,,0,True
K-LOOP-MAX-llvm-0,fresh-process,4,1121222,,0,True
K-LOOP-MAX-cranelift-0,fresh-process,4,1380246,,0,True
K-LOOP-MAX-c11-2,fresh-process,4,1376796,,0,True
K-LOOP-MAX-llvm-2,fresh-process,4,1890238,,0,True
K-LOOP-MAX-cranelift-2,fresh-process,4,1041374,,0,True
K-LOOP-MAX-c11-s,fresh-process,4,1393307,,0,True
K-LOOP-MAX-llvm-s,fresh-process,4,967789,,0,True
K-LOOP-MAX-cranelift-s,fresh-process,4,1052228,,0,True
K-WORK-EXACT-c11-0,fresh-process,4,1786928,,0,True
K-ADD-c11-0,warm-batch,0,30616655,29399029,262144,True
K-ADD-llvm-0,warm-batch,0,3829342,2454360,262144,True
K-ADD-cranelift-0,warm-batch,0,4593420,2979587,262144,True
K-ADD-c11-2,warm-batch,0,3192461,1873509,262144,True
K-ADD-llvm-2,warm-batch,0,3560770,1690958,262144,True
K-ADD-cranelift-2,warm-batch,0,2573823,1286628,262144,True
K-ADD-c11-s,warm-batch,0,4883767,3808438,262144,True
K-ADD-llvm-s,warm-batch,0,5356977,4007508,262144,True
K-ADD-cranelift-s,warm-batch,0,2785768,1612594,262144,True
K-CALL-c11-0,warm-batch,0,11496891,10133492,65536,True
K-CALL-llvm-0,warm-batch,0,2237538,672876,65536,True
K-CALL-cranelift-0,warm-batch,0,2147935,653054,65536,True
K-CALL-c11-2,warm-batch,0,1685592,533553,65536,True
K-CALL-llvm-2,warm-batch,0,1709302,418314,65536,True
K-CALL-cranelift-2,warm-batch,0,2269449,747871,65536,True
K-CALL-c11-s,warm-batch,0,2428888,1035410,65536,True
K-CALL-llvm-s,warm-batch,0,1611317,448392,65536,True
K-CALL-cranelift-s,warm-batch,0,2244906,498130,65536,True
K-LOOP-MAX-c11-0,warm-batch,0,4462554,3170128,256,True
K-LOOP-MAX-llvm-0,warm-batch,0,9090247,7358433,256,True
K-LOOP-MAX-cranelift-0,warm-batch,0,3679251,1636869,256,True
K-LOOP-MAX-c11-2,warm-batch,0,3538800,1786676,256,True
K-LOOP-MAX-llvm-2,warm-batch,0,2666835,1382425,256,True
K-LOOP-MAX-cranelift-2,warm-batch,0,2383631,659424,256,True
K-LOOP-MAX-c11-s,warm-batch,0,3852737,2071669,256,True
K-LOOP-MAX-llvm-s,warm-batch,0,4370263,1750833,256,True
K-LOOP-MAX-cranelift-s,warm-batch,0,3044933,1055431,256,True
K-WORK-EXACT-c11-0,warm-batch,0,5028650,3718201,16,True
K-WORK-EXACT-llvm-0,warm-batch,0,7288216,5084821,16,True
K-WORK-EXACT-cranelift-0,warm-batch,0,24831809,13093390,16,True
K-WORK-EXACT-c11-2,warm-batch,0,3882556,2420309,16,True
K-WORK-EXACT-llvm-2,warm-batch,0,3638853,2305386,16,True
K-WORK-EXACT-cranelift-2,warm-batch,0,3234194,1288871,16,True
K-WORK-EXACT-c11-s,warm-batch,0,3594676,2271555,16,True
K-WORK-EXACT-llvm-s,warm-batch,0,7191028,4111620,16,True
K-WORK-EXACT-cranelift-s,warm-batch,0,2841985,1268698,16,True
K-ADD-llvm-s,warm-batch,1,3048645,1595953,262144,True
K-ADD-cranelift-s,warm-batch,1,2827943,1280493,262144,True
K-CALL-c11-0,warm-batch,1,8492627,7274417,65536,True
K-CALL-llvm-0,warm-batch,1,2191298,641130,65536,True
K-CALL-cranelift-0,warm-batch,1,1718622,437412,65536,True
K-CALL-c11-2,warm-batch,1,1689941,468156,65536,True
K-CALL-llvm-2,warm-batch,1,1555753,383366,65536,True
K-CALL-cranelift-2,warm-batch,1,1793694,403014,65536,True
K-CALL-c11-s,warm-batch,1,2113563,1019516,65536,True
K-CALL-llvm-s,warm-batch,1,1619399,600463,65536,True
K-CALL-cranelift-s,warm-batch,1,2077501,591413,65536,True
K-LOOP-MAX-c11-0,warm-batch,1,6534398,4938163,256,True
K-LOOP-MAX-llvm-0,warm-batch,1,5303395,4093854,256,True
K-LOOP-MAX-cranelift-0,warm-batch,1,2448673,1175606,256,True
K-LOOP-MAX-c11-2,warm-batch,1,3746387,2208282,256,True
K-LOOP-MAX-llvm-2,warm-batch,1,3041664,1530660,256,True
K-LOOP-MAX-cranelift-2,warm-batch,1,2368410,879274,256,True
K-LOOP-MAX-c11-s,warm-batch,1,2858934,1847882,256,True
K-LOOP-MAX-llvm-s,warm-batch,1,3005766,1497871,256,True
K-LOOP-MAX-cranelift-s,warm-batch,1,1699433,640176,256,True
K-WORK-EXACT-c11-0,warm-batch,1,8073228,6797951,16,True
K-WORK-EXACT-llvm-0,warm-batch,1,5787670,4301083,16,True
K-WORK-EXACT-cranelift-0,warm-batch,1,4189309,2712641,16,True
K-WORK-EXACT-c11-2,warm-batch,1,4084426,2600384,16,True
K-WORK-EXACT-llvm-2,warm-batch,1,12004140,8868994,16,True
K-WORK-EXACT-cranelift-2,warm-batch,1,3993500,1802901,16,True
K-WORK-EXACT-c11-s,warm-batch,1,4152424,2496935,16,True
K-WORK-EXACT-llvm-s,warm-batch,1,4864062,2568174,16,True
K-WORK-EXACT-cranelift-s,warm-batch,1,4271672,2289143,16,True
K-ADD-c11-0,warm-batch,1,78987134,77365476,262144,True
K-ADD-llvm-0,warm-batch,1,12414753,6333835,262144,True
K-ADD-cranelift-0,warm-batch,1,4173113,2266928,262144,True
K-ADD-c11-2,warm-batch,1,3605317,2389600,262144,True
K-ADD-llvm-2,warm-batch,1,3504457,2192845,262144,True
K-ADD-cranelift-2,warm-batch,1,2648475,1526501,262144,True
K-ADD-c11-s,warm-batch,1,6810135,5646643,262144,True
K-CALL-cranelift-2,warm-batch,2,1650464,356999,65536,True
K-CALL-c11-s,warm-batch,2,2190889,889532,65536,True
K-CALL-llvm-s,warm-batch,2,2398738,775490,65536,True
K-CALL-cranelift-s,warm-batch,2,2029014,625642,65536,True
K-LOOP-MAX-c11-0,warm-batch,2,5092864,3960866,256,True
K-LOOP-MAX-llvm-0,warm-batch,2,7100414,4613843,256,True
K-LOOP-MAX-cranelift-0,warm-batch,2,2103931,853651,256,True
K-LOOP-MAX-c11-2,warm-batch,2,3620008,2087303,256,True
K-LOOP-MAX-llvm-2,warm-batch,2,3388463,2033614,256,True
K-LOOP-MAX-cranelift-2,warm-batch,2,1957297,639817,256,True
K-LOOP-MAX-c11-s,warm-batch,2,3481794,1999659,256,True
K-LOOP-MAX-llvm-s,warm-batch,2,2984947,1543357,256,True
K-LOOP-MAX-cranelift-s,warm-batch,2,2111340,863661,256,True
K-WORK-EXACT-c11-0,warm-batch,2,5590225,4203497,16,True
K-WORK-EXACT-llvm-0,warm-batch,2,6454038,4724596,16,True
K-WORK-EXACT-cranelift-0,warm-batch,2,5866131,4211058,16,True
K-WORK-EXACT-c11-2,warm-batch,2,3824297,2367216,16,True
K-WORK-EXACT-llvm-2,warm-batch,2,4699002,3190005,16,True
K-WORK-EXACT-cranelift-2,warm-batch,2,5910590,2526085,16,True
K-WORK-EXACT-c11-s,warm-batch,2,6571647,4564866,16,True
K-WORK-EXACT-llvm-s,warm-batch,2,3933342,2459466,16,True
K-WORK-EXACT-cranelift-s,warm-batch,2,2699222,1061862,16,True
K-ADD-c11-0,warm-batch,2,43852165,42238943,262144,True
K-ADD-llvm-0,warm-batch,2,7336274,2555646,262144,True
K-ADD-cranelift-0,warm-batch,2,2845076,1298731,262144,True
K-ADD-c11-2,warm-batch,2,2959622,1823095,262144,True
K-ADD-llvm-2,warm-batch,2,4250592,2804934,262144,True
K-ADD-cranelift-2,warm-batch,2,2539946,1493300,262144,True
K-ADD-c11-s,warm-batch,2,5003535,3814417,262144,True
K-ADD-llvm-s,warm-batch,2,4051245,2590600,262144,True
K-ADD-cranelift-s,warm-batch,2,3117545,1817233,262144,True
K-CALL-c11-0,warm-batch,2,10529613,9117786,65536,True
K-CALL-llvm-0,warm-batch,2,1924828,678805,65536,True
K-CALL-cranelift-0,warm-batch,2,1699656,460235,65536,True
K-CALL-c11-2,warm-batch,2,1904605,472914,65536,True
K-CALL-llvm-2,warm-batch,2,1970555,399841,65536,True
K-LOOP-MAX-c11-2,warm-batch,3,2941794,1768113,256,True
K-LOOP-MAX-llvm-2,warm-batch,3,3448508,1868592,256,True
K-LOOP-MAX-cranelift-2,warm-batch,3,1872369,558137,256,True
K-LOOP-MAX-c11-s,warm-batch,3,2742479,1668343,256,True
K-LOOP-MAX-llvm-s,warm-batch,3,2552733,1533630,256,True
K-LOOP-MAX-cranelift-s,warm-batch,3,2092954,558215,256,True
K-WORK-EXACT-c11-0,warm-batch,3,5220999,3748553,16,True
K-WORK-EXACT-llvm-0,warm-batch,3,6063979,4655897,16,True
K-WORK-EXACT-cranelift-0,warm-batch,3,4293202,2959220,16,True
K-WORK-EXACT-c11-2,warm-batch,3,4634014,2453954,16,True
K-WORK-EXACT-llvm-2,warm-batch,3,4177857,2572421,16,True
K-WORK-EXACT-cranelift-2,warm-batch,3,2709981,1524624,16,True
K-WORK-EXACT-c11-s,warm-batch,3,3941774,2404335,16,True
K-WORK-EXACT-llvm-s,warm-batch,3,4298425,2572044,16,True
K-WORK-EXACT-cranelift-s,warm-batch,3,2763859,1350209,16,True
K-ADD-c11-0,warm-batch,3,33517246,32175656,262144,True
K-ADD-llvm-0,warm-batch,3,12432579,9855770,262144,True
K-ADD-cranelift-0,warm-batch,3,3184132,1253810,262144,True
K-ADD-c11-2,warm-batch,3,4826921,1950635,262144,True
K-ADD-llvm-2,warm-batch,3,2844682,1700634,262144,True
K-ADD-cranelift-2,warm-batch,3,4456554,3074273,262144,True
K-ADD-c11-s,warm-batch,3,5126465,3756123,262144,True
K-ADD-llvm-s,warm-batch,3,3100286,1989822,262144,True
K-ADD-cranelift-s,warm-batch,3,2459375,1395009,262144,True
K-CALL-c11-0,warm-batch,3,8356113,7095176,65536,True
K-CALL-llvm-0,warm-batch,3,2189757,567663,65536,True
K-CALL-cranelift-0,warm-batch,3,1398384,356928,65536,True
K-CALL-c11-2,warm-batch,3,1766217,441416,65536,True
K-CALL-llvm-2,warm-batch,3,1512171,375599,65536,True
K-CALL-cranelift-2,warm-batch,3,1579325,380415,65536,True
K-CALL-c11-s,warm-batch,3,2190343,1039540,65536,True
K-CALL-llvm-s,warm-batch,3,2015320,409418,65536,True
K-CALL-cranelift-s,warm-batch,3,1885131,378440,65536,True
K-LOOP-MAX-c11-0,warm-batch,3,5469401,3561303,256,True
K-LOOP-MAX-llvm-0,warm-batch,3,4952396,3388262,256,True
K-LOOP-MAX-cranelift-0,warm-batch,3,2354379,960797,256,True
K-WORK-EXACT-llvm-0,warm-batch,4,8505844,6338541,16,True
K-WORK-EXACT-cranelift-0,warm-batch,4,4197573,2349151,16,True
K-WORK-EXACT-c11-2,warm-batch,4,4594667,3292892,16,True
K-WORK-EXACT-llvm-2,warm-batch,4,4589183,2993291,16,True
K-WORK-EXACT-cranelift-2,warm-batch,4,3645073,1771262,16,True
K-WORK-EXACT-c11-s,warm-batch,4,3776252,2361450,16,True
K-WORK-EXACT-llvm-s,warm-batch,4,3811592,2356157,16,True
K-WORK-EXACT-cranelift-s,warm-batch,4,3648927,1925356,16,True
K-ADD-c11-0,warm-batch,4,37278194,34442168,262144,True
K-ADD-llvm-0,warm-batch,4,4290678,2891147,262144,True
K-ADD-cranelift-0,warm-batch,4,3738298,2349601,262144,True
K-ADD-c11-2,warm-batch,4,4225336,2643978,262144,True
K-ADD-llvm-2,warm-batch,4,3375085,2123104,262144,True
K-ADD-cranelift-2,warm-batch,4,2539187,1267627,262144,True
K-ADD-c11-s,warm-batch,4,4689868,3560598,262144,True
K-ADD-llvm-s,warm-batch,4,3570734,1734108,262144,True
K-ADD-cranelift-s,warm-batch,4,2488782,1255587,262144,True
K-CALL-c11-0,warm-batch,4,9258391,7612778,65536,True
K-CALL-llvm-0,warm-batch,4,2263472,715399,65536,True
K-CALL-cranelift-0,warm-batch,4,2077184,462449,65536,True
K-CALL-c11-2,warm-batch,4,1926955,783310,65536,True
K-CALL-llvm-2,warm-batch,4,2333050,624099,65536,True
K-CALL-cranelift-2,warm-batch,4,1565455,377311,65536,True
K-CALL-c11-s,warm-batch,4,2064393,974909,65536,True
K-CALL-llvm-s,warm-batch,4,1550320,375463,65536,True
K-CALL-cranelift-s,warm-batch,4,1616358,403407,65536,True
K-LOOP-MAX-c11-0,warm-batch,4,4528560,3420001,256,True
K-LOOP-MAX-llvm-0,warm-batch,4,4856370,3573968,256,True
K-LOOP-MAX-cranelift-0,warm-batch,4,1707183,385582,256,True
K-LOOP-MAX-c11-2,warm-batch,4,3176406,1919129,256,True
K-LOOP-MAX-llvm-2,warm-batch,4,3272496,1422828,256,True
K-LOOP-MAX-cranelift-2,warm-batch,4,1960802,729094,256,True
K-LOOP-MAX-c11-s,warm-batch,4,3047977,1890223,256,True
K-LOOP-MAX-llvm-s,warm-batch,4,2563888,1485048,256,True
K-LOOP-MAX-cranelift-s,warm-batch,4,5466248,4200175,256,True
K-WORK-EXACT-c11-0,warm-batch,4,5733350,4282870,16,True
K-WORK-EXACT-cranelift-s,warm-batch,5,3383627,1563035,16,True
K-ADD-c11-0,warm-batch,5,33494942,31620717,262144,True
K-ADD-llvm-0,warm-batch,5,4597549,3248158,262144,True
K-ADD-cranelift-0,warm-batch,5,2505729,1241735,262144,True
K-ADD-c11-2,warm-batch,5,3138113,2042935,262144,True
K-ADD-llvm-2,warm-batch,5,2923853,1734197,262144,True
K-ADD-cranelift-2,warm-batch,5,2622459,1291088,262144,True
K-ADD-c11-s,warm-batch,5,4917983,3814012,262144,True
K-ADD-llvm-s,warm-batch,5,3762943,2323976,262144,True
K-ADD-cranelift-s,warm-batch,5,2382864,1328923,262144,True
K-CALL-c11-0,warm-batch,5,8540323,7260656,65536,True
K-CALL-llvm-0,warm-batch,5,1817232,621733,65536,True
K-CALL-cranelift-0,warm-batch,5,1431571,370789,65536,True
K-CALL-c11-2,warm-batch,5,1824644,479747,65536,True
K-CALL-llvm-2,warm-batch,5,1383658,375496,65536,True
K-CALL-cranelift-2,warm-batch,5,2309102,475270,65536,True
K-CALL-c11-s,warm-batch,5,2030864,935238,65536,True
K-CALL-llvm-s,warm-batch,5,1782536,452991,65536,True
K-CALL-cranelift-s,warm-batch,5,2098858,718513,65536,True
K-LOOP-MAX-c11-0,warm-batch,5,4661025,3334028,256,True
K-LOOP-MAX-llvm-0,warm-batch,5,4698899,3349834,256,True
K-LOOP-MAX-cranelift-0,warm-batch,5,2038537,878204,256,True
K-LOOP-MAX-c11-2,warm-batch,5,3083912,1719542,256,True
K-LOOP-MAX-llvm-2,warm-batch,5,3607882,1697350,256,True
K-LOOP-MAX-cranelift-2,warm-batch,5,1705752,580460,256,True
K-LOOP-MAX-c11-s,warm-batch,5,3031675,1799775,256,True
K-LOOP-MAX-llvm-s,warm-batch,5,3395035,1950653,256,True
K-LOOP-MAX-cranelift-s,warm-batch,5,1821884,558255,256,True
K-WORK-EXACT-c11-0,warm-batch,5,5608409,4100020,16,True
K-WORK-EXACT-llvm-0,warm-batch,5,6060509,4204487,16,True
K-WORK-EXACT-cranelift-0,warm-batch,5,6071491,3227230,16,True
K-WORK-EXACT-c11-2,warm-batch,5,3375802,2091647,16,True
K-WORK-EXACT-llvm-2,warm-batch,5,7780533,3211264,16,True
K-WORK-EXACT-cranelift-2,warm-batch,5,4294617,2118287,16,True
K-WORK-EXACT-c11-s,warm-batch,5,3881427,2236795,16,True
K-WORK-EXACT-llvm-s,warm-batch,5,3988775,2636541,16,True
K-ADD-c11-s,warm-batch,6,6244158,4777834,262144,True
K-ADD-llvm-s,warm-batch,6,2788668,1700332,262144,True
K-ADD-cranelift-s,warm-batch,6,2592212,1184106,262144,True
K-CALL-c11-0,warm-batch,6,11327055,9906874,65536,True
K-CALL-llvm-0,warm-batch,6,1750334,646776,65536,True
K-CALL-cranelift-0,warm-batch,6,1953500,622316,65536,True
K-CALL-c11-2,warm-batch,6,1915981,598704,65536,True
K-CALL-llvm-2,warm-batch,6,1549787,402779,65536,True
K-CALL-cranelift-2,warm-batch,6,1556406,377582,65536,True
K-CALL-c11-s,warm-batch,6,2049706,889475,65536,True
K-CALL-llvm-s,warm-batch,6,1666180,416153,65536,True
K-CALL-cranelift-s,warm-batch,6,2774999,763976,65536,True
K-LOOP-MAX-c11-0,warm-batch,6,5952774,4716052,256,True
K-LOOP-MAX-llvm-0,warm-batch,6,4906285,3612087,256,True
K-LOOP-MAX-cranelift-0,warm-batch,6,3929034,1397981,256,True
K-LOOP-MAX-c11-2,warm-batch,6,3339318,1817408,256,True
K-LOOP-MAX-llvm-2,warm-batch,6,2737182,1573384,256,True
K-LOOP-MAX-cranelift-2,warm-batch,6,2245157,659846,256,True
K-LOOP-MAX-c11-s,warm-batch,6,3996725,2840357,256,True
K-LOOP-MAX-llvm-s,warm-batch,6,3869206,2183630,256,True
K-LOOP-MAX-cranelift-s,warm-batch,6,2149198,860311,256,True
K-WORK-EXACT-c11-0,warm-batch,6,5286844,3599700,16,True
K-WORK-EXACT-llvm-0,warm-batch,6,6957722,5068567,16,True
K-WORK-EXACT-cranelift-0,warm-batch,6,4231621,2443958,16,True
K-WORK-EXACT-c11-2,warm-batch,6,3637068,2220580,16,True
K-WORK-EXACT-llvm-2,warm-batch,6,4004143,2394085,16,True
K-WORK-EXACT-cranelift-2,warm-batch,6,2277634,990785,16,True
K-WORK-EXACT-c11-s,warm-batch,6,4911209,3206961,16,True
K-WORK-EXACT-llvm-s,warm-batch,6,3765164,2450801,16,True
K-WORK-EXACT-cranelift-s,warm-batch,6,2657519,1295446,16,True
K-ADD-c11-0,warm-batch,6,30911743,29616305,262144,True
K-ADD-llvm-0,warm-batch,6,4063610,2824654,262144,True
K-ADD-cranelift-0,warm-batch,6,2927550,1646887,262144,True
K-ADD-c11-2,warm-batch,6,2980824,1905547,262144,True
K-ADD-llvm-2,warm-batch,6,3373234,1650488,262144,True
K-ADD-cranelift-2,warm-batch,6,2472576,1273372,262144,True
K-CALL-llvm-2,warm-batch,7,1538046,375499,65536,True
K-CALL-cranelift-2,warm-batch,7,2157251,677076,65536,True
K-CALL-c11-s,warm-batch,7,2407645,1009638,65536,True
K-CALL-llvm-s,warm-batch,7,1579495,376846,65536,True
K-CALL-cranelift-s,warm-batch,7,8894187,1800925,65536,True
K-LOOP-MAX-c11-0,warm-batch,7,5647478,4001058,256,True
K-LOOP-MAX-llvm-0,warm-batch,7,5182025,3972053,256,True
K-LOOP-MAX-cranelift-0,warm-batch,7,3228848,1440357,256,True
K-LOOP-MAX-c11-2,warm-batch,7,3239271,1687190,256,True
K-LOOP-MAX-llvm-2,warm-batch,7,2853752,1429844,256,True
K-LOOP-MAX-cranelift-2,warm-batch,7,1688037,559381,256,True
K-LOOP-MAX-c11-s,warm-batch,7,2847971,1745618,256,True
K-LOOP-MAX-llvm-s,warm-batch,7,2531243,1507512,256,True
K-LOOP-MAX-cranelift-s,warm-batch,7,2884482,1391105,256,True
K-WORK-EXACT-c11-0,warm-batch,7,5491792,3937867,16,True
K-WORK-EXACT-llvm-0,warm-batch,7,6219100,4794875,16,True
K-WORK-EXACT-cranelift-0,warm-batch,7,4583828,3181319,16,True
K-WORK-EXACT-c11-2,warm-batch,7,3704638,2501392,16,True
K-WORK-EXACT-llvm-2,warm-batch,7,4911132,3198290,16,True
K-WORK-EXACT-cranelift-2,warm-batch,7,2717799,1312066,16,True
K-WORK-EXACT-c11-s,warm-batch,7,3618985,2405618,16,True
K-WORK-EXACT-llvm-s,warm-batch,7,3852889,2319643,16,True
K-WORK-EXACT-cranelift-s,warm-batch,7,3233694,1607241,16,True
K-ADD-c11-0,warm-batch,7,63735135,61325226,262144,True
K-ADD-llvm-0,warm-batch,7,4863564,3001197,262144,True
K-ADD-cranelift-0,warm-batch,7,2617900,1221645,262144,True
K-ADD-c11-2,warm-batch,7,3229880,1876247,262144,True
K-ADD-llvm-2,warm-batch,7,6136610,1728952,262144,True
K-ADD-cranelift-2,warm-batch,7,3817208,1328999,262144,True
K-ADD-c11-s,warm-batch,7,5511808,3878387,262144,True
K-ADD-llvm-s,warm-batch,7,3175012,1875337,262144,True
K-ADD-cranelift-s,warm-batch,7,3072853,1438983,262144,True
K-CALL-c11-0,warm-batch,7,11741923,10100443,65536,True
K-CALL-llvm-0,warm-batch,7,1919827,587493,65536,True
K-CALL-cranelift-0,warm-batch,7,3238948,1580320,65536,True
K-CALL-c11-2,warm-batch,7,1703155,442002,65536,True
K-LOOP-MAX-cranelift-0,warm-batch,8,2749110,1318154,256,True
K-LOOP-MAX-c11-2,warm-batch,8,6478876,1769096,256,True
K-LOOP-MAX-llvm-2,warm-batch,8,5103954,2699248,256,True
K-LOOP-MAX-cranelift-2,warm-batch,8,2065531,665567,256,True
K-LOOP-MAX-c11-s,warm-batch,8,8055651,6646882,256,True
K-LOOP-MAX-llvm-s,warm-batch,8,4218129,2534984,256,True
K-LOOP-MAX-cranelift-s,warm-batch,8,2964916,649325,256,True
K-WORK-EXACT-c11-0,warm-batch,8,5298861,3726129,16,True
K-WORK-EXACT-llvm-0,warm-batch,8,7385519,5357249,16,True
K-WORK-EXACT-cranelift-0,warm-batch,8,4550457,2395094,16,True
K-WORK-EXACT-c11-2,warm-batch,8,4112591,2428807,16,True
K-WORK-EXACT-llvm-2,warm-batch,8,4298185,2423566,16,True
K-WORK-EXACT-cranelift-2,warm-batch,8,4923589,1541021,16,True
K-WORK-EXACT-c11-s,warm-batch,8,4740646,3097076,16,True
K-WORK-EXACT-llvm-s,warm-batch,8,5899044,4265529,16,True
K-WORK-EXACT-cranelift-s,warm-batch,8,3567375,1764260,16,True
K-ADD-c11-0,warm-batch,8,38599006,37099582,262144,True
K-ADD-llvm-0,warm-batch,8,15163297,11791934,262144,True
K-ADD-cranelift-0,warm-batch,8,2477095,1222389,262144,True
K-ADD-c11-2,warm-batch,8,3500683,1953958,262144,True
K-ADD-llvm-2,warm-batch,8,3727368,2339539,262144,True
K-ADD-cranelift-2,warm-batch,8,2991983,1555256,262144,True
K-ADD-c11-s,warm-batch,8,11676132,9546551,262144,True
K-ADD-llvm-s,warm-batch,8,2870156,1593119,262144,True
K-ADD-cranelift-s,warm-batch,8,2700709,1233302,262144,True
K-CALL-c11-0,warm-batch,8,10250904,8929778,65536,True
K-CALL-llvm-0,warm-batch,8,1879115,603667,65536,True
K-CALL-cranelift-0,warm-batch,8,3653295,2225181,65536,True
K-CALL-c11-2,warm-batch,8,1729279,464082,65536,True
K-CALL-llvm-2,warm-batch,8,1623626,423751,65536,True
K-CALL-cranelift-2,warm-batch,8,3169679,385884,65536,True
K-CALL-c11-s,warm-batch,8,2938517,1385549,65536,True
K-CALL-llvm-s,warm-batch,8,3834822,2162286,65536,True
K-CALL-cranelift-s,warm-batch,8,2383212,854834,65536,True
K-LOOP-MAX-c11-0,warm-batch,8,5446896,3889961,256,True
K-LOOP-MAX-llvm-0,warm-batch,8,6828176,5308576,256,True
K-WORK-EXACT-c11-0,warm-batch,9,7864208,6083220,16,True
K-WORK-EXACT-llvm-0,warm-batch,9,6799286,4846046,16,True
K-WORK-EXACT-cranelift-0,warm-batch,9,4795159,3277903,16,True
K-WORK-EXACT-c11-2,warm-batch,9,6006255,3686727,16,True
K-WORK-EXACT-llvm-2,warm-batch,9,3973024,2397889,16,True
K-WORK-EXACT-cranelift-2,warm-batch,9,2369703,1152931,16,True
K-WORK-EXACT-c11-s,warm-batch,9,6737529,5427512,16,True
K-WORK-EXACT-llvm-s,warm-batch,9,3713795,2292436,16,True
K-WORK-EXACT-cranelift-s,warm-batch,9,2695310,1354408,16,True
K-ADD-c11-0,warm-batch,9,42924563,41483811,262144,True
K-ADD-llvm-0,warm-batch,9,4280440,2831394,262144,True
K-ADD-cranelift-0,warm-batch,9,5920780,4376305,262144,True
K-ADD-c11-2,warm-batch,9,3552404,1921777,262144,True
K-ADD-llvm-2,warm-batch,9,7340555,4201831,262144,True
K-ADD-cranelift-2,warm-batch,9,2480638,1217840,262144,True
K-ADD-c11-s,warm-batch,9,6576557,4887145,262144,True
K-ADD-llvm-s,warm-batch,9,5513235,3479184,262144,True
K-ADD-cranelift-s,warm-batch,9,2433252,1180825,262144,True
K-CALL-c11-0,warm-batch,9,8080888,6819476,65536,True
K-CALL-llvm-0,warm-batch,9,6196746,636969,65536,True
K-CALL-cranelift-0,warm-batch,9,1676269,458091,65536,True
K-CALL-c11-2,warm-batch,9,1724266,472518,65536,True
K-CALL-llvm-2,warm-batch,9,4224678,1544163,65536,True
K-CALL-cranelift-2,warm-batch,9,1743800,465825,65536,True
K-CALL-c11-s,warm-batch,9,3290377,1421583,65536,True
K-CALL-llvm-s,warm-batch,9,1607557,390122,65536,True
K-CALL-cranelift-s,warm-batch,9,3619521,1752195,65536,True
K-LOOP-MAX-c11-0,warm-batch,9,5940548,4493954,256,True
K-LOOP-MAX-llvm-0,warm-batch,9,6838159,4325181,256,True
K-LOOP-MAX-cranelift-0,warm-batch,9,2854457,1578935,256,True
K-LOOP-MAX-c11-2,warm-batch,9,4462311,2449591,256,True
K-LOOP-MAX-llvm-2,warm-batch,9,3520947,1565059,256,True
K-LOOP-MAX-cranelift-2,warm-batch,9,2169476,720178,256,True
K-LOOP-MAX-c11-s,warm-batch,9,3061840,1714112,256,True
K-LOOP-MAX-llvm-s,warm-batch,9,4125969,2841600,256,True
K-LOOP-MAX-cranelift-s,warm-batch,9,5383229,559509,256,True
K-WORK-EXACT-llvm-s,warm-batch,10,6023651,2284893,16,True
K-WORK-EXACT-cranelift-s,warm-batch,10,8371773,3535274,16,True
K-ADD-c11-0,warm-batch,10,34633814,33006259,262144,True
K-ADD-llvm-0,warm-batch,10,7986267,4998718,262144,True
K-ADD-cranelift-0,warm-batch,10,6034138,4396157,262144,True
K-ADD-c11-2,warm-batch,10,5691575,3087932,262144,True
K-ADD-llvm-2,warm-batch,10,6471964,3402435,262144,True
K-ADD-cranelift-2,warm-batch,10,4267608,2259176,262144,True
K-ADD-c11-s,warm-batch,10,9569834,7716664,262144,True
K-ADD-llvm-s,warm-batch,10,6725947,3452854,262144,True
K-ADD-cranelift-s,warm-batch,10,2643891,1204213,262144,True
K-CALL-c11-0,warm-batch,10,14993848,11500047,65536,True
K-CALL-llvm-0,warm-batch,10,2114284,568163,65536,True
K-CALL-cranelift-0,warm-batch,10,3160126,441452,65536,True
K-CALL-c11-2,warm-batch,10,3912126,446856,65536,True
K-CALL-llvm-2,warm-batch,10,3006199,1755901,65536,True
K-CALL-cranelift-2,warm-batch,10,4307200,3073435,65536,True
K-CALL-c11-s,warm-batch,10,3660548,894685,65536,True
K-CALL-llvm-s,warm-batch,10,3471860,375524,65536,True
K-CALL-cranelift-s,warm-batch,10,2751807,420966,65536,True
K-LOOP-MAX-c11-0,warm-batch,10,7419028,5828229,256,True
K-LOOP-MAX-llvm-0,warm-batch,10,5145680,3745202,256,True
K-LOOP-MAX-cranelift-0,warm-batch,10,4296269,1784298,256,True
K-LOOP-MAX-c11-2,warm-batch,10,3789514,1545152,256,True
K-LOOP-MAX-llvm-2,warm-batch,10,5495080,2265070,256,True
K-LOOP-MAX-cranelift-2,warm-batch,10,3698363,558301,256,True
K-LOOP-MAX-c11-s,warm-batch,10,6536999,4132136,256,True
K-LOOP-MAX-llvm-s,warm-batch,10,3815297,2035679,256,True
K-LOOP-MAX-cranelift-s,warm-batch,10,1829827,671754,256,True
K-WORK-EXACT-c11-0,warm-batch,10,11800368,7352014,16,True
K-WORK-EXACT-llvm-0,warm-batch,10,10622563,7926383,16,True
K-WORK-EXACT-cranelift-0,warm-batch,10,6716132,4577117,16,True
K-WORK-EXACT-c11-2,warm-batch,10,6059813,3473514,16,True
K-WORK-EXACT-llvm-2,warm-batch,10,6649250,4291105,16,True
K-WORK-EXACT-cranelift-2,warm-batch,10,4038937,1415527,16,True
K-WORK-EXACT-c11-s,warm-batch,10,7780021,4497791,16,True
K-ADD-cranelift-2,warm-batch,11,3183711,1291479,262144,True
K-ADD-c11-s,warm-batch,11,5019040,3676292,262144,True
K-ADD-llvm-s,warm-batch,11,4523698,2342755,262144,True
K-ADD-cranelift-s,warm-batch,11,2848850,1425648,262144,True
K-CALL-c11-0,warm-batch,11,8003562,6769105,65536,True
K-CALL-llvm-0,warm-batch,11,1874573,616706,65536,True
K-CALL-cranelift-0,warm-batch,11,3020849,444946,65536,True
K-CALL-c11-2,warm-batch,11,1823513,464261,65536,True
K-CALL-llvm-2,warm-batch,11,5591024,404809,65536,True
K-CALL-cranelift-2,warm-batch,11,2559921,469140,65536,True
K-CALL-c11-s,warm-batch,11,4340477,3166310,65536,True
K-CALL-llvm-s,warm-batch,11,3438656,387634,65536,True
K-CALL-cranelift-s,warm-batch,11,1803450,619664,65536,True
K-LOOP-MAX-c11-0,warm-batch,11,8269702,5409909,256,True
K-LOOP-MAX-llvm-0,warm-batch,11,6975588,5768927,256,True
K-LOOP-MAX-cranelift-0,warm-batch,11,7234869,4659551,256,True
K-LOOP-MAX-c11-2,warm-batch,11,5762529,2785322,256,True
K-LOOP-MAX-llvm-2,warm-batch,11,5713514,1389477,256,True
K-LOOP-MAX-cranelift-2,warm-batch,11,3021761,1730586,256,True
K-LOOP-MAX-c11-s,warm-batch,11,5320505,4117663,256,True
K-LOOP-MAX-llvm-s,warm-batch,11,6637011,4328230,256,True
K-LOOP-MAX-cranelift-s,warm-batch,11,2381319,854885,256,True
K-WORK-EXACT-c11-0,warm-batch,11,9085986,7019971,16,True
K-WORK-EXACT-llvm-0,warm-batch,11,11496325,8836095,16,True
K-WORK-EXACT-cranelift-0,warm-batch,11,6990681,5372629,16,True
K-WORK-EXACT-c11-2,warm-batch,11,7811157,6295785,16,True
K-WORK-EXACT-llvm-2,warm-batch,11,10244161,5450222,16,True
K-WORK-EXACT-cranelift-2,warm-batch,11,6528077,4940365,16,True
K-WORK-EXACT-c11-s,warm-batch,11,5608476,2968086,16,True
K-WORK-EXACT-llvm-s,warm-batch,11,6600313,4427140,16,True
K-WORK-EXACT-cranelift-s,warm-batch,11,3722252,1695338,16,True
K-ADD-c11-0,warm-batch,11,51138817,49745802,262144,True
K-ADD-llvm-0,warm-batch,11,4421928,2929556,262144,True
K-ADD-cranelift-0,warm-batch,11,5244885,3593694,262144,True
K-ADD-c11-2,warm-batch,11,6572235,4956837,262144,True
K-ADD-llvm-2,warm-batch,11,7639617,5959608,262144,True
K-CALL-c11-2,warm-batch,12,4858436,485872,65536,True
K-CALL-llvm-2,warm-batch,12,2184063,918588,65536,True
K-CALL-cranelift-2,warm-batch,12,1761015,532556,65536,True
K-CALL-c11-s,warm-batch,12,2235240,890065,65536,True
K-CALL-llvm-s,warm-batch,12,1882684,468344,65536,True
K-CALL-cranelift-s,warm-batch,12,3498324,1445128,65536,True
K-LOOP-MAX-c11-0,warm-batch,12,8565470,6104657,256,True
K-LOOP-MAX-llvm-0,warm-batch,12,9213718,6084077,256,True
K-LOOP-MAX-cranelift-0,warm-batch,12,7857617,5275822,256,True
K-LOOP-MAX-c11-2,warm-batch,12,6826680,4156589,256,True
K-LOOP-MAX-llvm-2,warm-batch,12,3612844,1824918,256,True
K-LOOP-MAX-cranelift-2,warm-batch,12,3797145,1771984,256,True
K-LOOP-MAX-c11-s,warm-batch,12,5458749,3543990,256,True
K-LOOP-MAX-llvm-s,warm-batch,12,7296168,5004161,256,True
K-LOOP-MAX-cranelift-s,warm-batch,12,1951085,558019,256,True
K-WORK-EXACT-c11-0,warm-batch,12,5945626,4317914,16,True
K-WORK-EXACT-llvm-0,warm-batch,12,7221877,5734189,16,True
K-WORK-EXACT-cranelift-0,warm-batch,12,4012097,2568525,16,True
K-WORK-EXACT-c11-2,warm-batch,12,4161064,2541764,16,True
K-WORK-EXACT-llvm-2,warm-batch,12,5003325,3723443,16,True
K-WORK-EXACT-cranelift-2,warm-batch,12,2578393,1365216,16,True
K-WORK-EXACT-c11-s,warm-batch,12,4312124,2829451,16,True
K-WORK-EXACT-llvm-s,warm-batch,12,6124517,3931543,16,True
K-WORK-EXACT-cranelift-s,warm-batch,12,3752173,2180541,16,True
K-ADD-c11-0,warm-batch,12,39117746,37219145,262144,True
K-ADD-llvm-0,warm-batch,12,4756987,2493437,262144,True
K-ADD-cranelift-0,warm-batch,12,5511374,3991411,262144,True
K-ADD-c11-2,warm-batch,12,4368844,2384440,262144,True
K-ADD-llvm-2,warm-batch,12,3018638,1746486,262144,True
K-ADD-cranelift-2,warm-batch,12,3472360,1150489,262144,True
K-ADD-c11-s,warm-batch,12,6667289,4308988,262144,True
K-ADD-llvm-s,warm-batch,12,2863215,1688186,262144,True
K-ADD-cranelift-s,warm-batch,12,2753488,1428006,262144,True
K-CALL-c11-0,warm-batch,12,9774339,8180595,65536,True
K-CALL-llvm-0,warm-batch,12,1862516,656439,65536,True
K-CALL-cranelift-0,warm-batch,12,1688037,466193,65536,True
K-LOOP-MAX-llvm-0,warm-batch,13,6062412,4873453,256,True
K-LOOP-MAX-cranelift-0,warm-batch,13,2436475,1317568,256,True
K-LOOP-MAX-c11-2,warm-batch,13,2944822,1582416,256,True
K-LOOP-MAX-llvm-2,warm-batch,13,4071396,1642293,256,True
K-LOOP-MAX-cranelift-2,warm-batch,13,1718059,558108,256,True
K-LOOP-MAX-c11-s,warm-batch,13,5958517,3890547,256,True
K-LOOP-MAX-llvm-s,warm-batch,13,2651416,1351884,256,True
K-LOOP-MAX-cranelift-s,warm-batch,13,2086445,665848,256,True
K-WORK-EXACT-c11-0,warm-batch,13,7062818,5678524,16,True
K-WORK-EXACT-llvm-0,warm-batch,13,9638797,7984089,16,True
K-WORK-EXACT-cranelift-0,warm-batch,13,4383916,2989603,16,True
K-WORK-EXACT-c11-2,warm-batch,13,6834772,3432626,16,True
K-WORK-EXACT-llvm-2,warm-batch,13,6146916,3842788,16,True
K-WORK-EXACT-cranelift-2,warm-batch,13,3076577,1356177,16,True
K-WORK-EXACT-c11-s,warm-batch,13,5051030,2826752,16,True
K-WORK-EXACT-llvm-s,warm-batch,13,5941631,4290498,16,True
K-WORK-EXACT-cranelift-s,warm-batch,13,2649236,1358742,16,True
K-ADD-c11-0,warm-batch,13,36320072,34935595,262144,True
K-ADD-llvm-0,warm-batch,13,6840908,4320018,262144,True
K-ADD-cranelift-0,warm-batch,13,2799483,1666442,262144,True
K-ADD-c11-2,warm-batch,13,3694790,2316763,262144,True
K-ADD-llvm-2,warm-batch,13,3496224,1629775,262144,True
K-ADD-cranelift-2,warm-batch,13,2402337,1251444,262144,True
K-ADD-c11-s,warm-batch,13,5180638,3941366,262144,True
K-ADD-llvm-s,warm-batch,13,8461632,7157378,262144,True
K-ADD-cranelift-s,warm-batch,13,3695729,1614315,262144,True
K-CALL-c11-0,warm-batch,13,8844969,7102019,65536,True
K-CALL-llvm-0,warm-batch,13,10830637,582623,65536,True
K-CALL-cranelift-0,warm-batch,13,2030131,436814,65536,True
K-CALL-c11-2,warm-batch,13,2093131,460732,65536,True
K-CALL-llvm-2,warm-batch,13,2621598,925757,65536,True
K-CALL-cranelift-2,warm-batch,13,1957851,378986,65536,True
K-CALL-c11-s,warm-batch,13,3624251,2037944,65536,True
K-CALL-llvm-s,warm-batch,13,1750842,537645,65536,True
K-CALL-cranelift-s,warm-batch,13,1805891,377603,65536,True
K-LOOP-MAX-c11-0,warm-batch,13,6721845,4649699,256,True
K-LOOP-MAX-cranelift-s,warm-batch,14,1819265,562258,256,True
K-WORK-EXACT-c11-0,warm-batch,14,5922806,3880461,16,True
K-WORK-EXACT-llvm-0,warm-batch,14,7332779,5796262,16,True
K-WORK-EXACT-cranelift-0,warm-batch,14,6154785,4374128,16,True
K-WORK-EXACT-c11-2,warm-batch,14,10117355,7874906,16,True
K-WORK-EXACT-llvm-2,warm-batch,14,4473785,2388174,16,True
K-WORK-EXACT-cranelift-2,warm-batch,14,3044187,1600631,16,True
K-WORK-EXACT-c11-s,warm-batch,14,3938981,2475168,16,True
K-WORK-EXACT-llvm-s,warm-batch,14,5912800,4552502,16,True
K-WORK-EXACT-cranelift-s,warm-batch,14,3941516,2437666,16,True
K-ADD-c11-0,warm-batch,14,43683733,42320428,262144,True
K-ADD-llvm-0,warm-batch,14,15592239,12976755,262144,True
K-ADD-cranelift-0,warm-batch,14,3674006,1898532,262144,True
K-ADD-c11-2,warm-batch,14,3309758,1952566,262144,True
K-ADD-llvm-2,warm-batch,14,4064513,2302340,262144,True
K-ADD-cranelift-2,warm-batch,14,3216915,1860784,262144,True
K-ADD-c11-s,warm-batch,14,11346811,8628170,262144,True
K-ADD-llvm-s,warm-batch,14,3627460,2436052,262144,True
K-ADD-cranelift-s,warm-batch,14,2694619,1558446,262144,True
K-CALL-c11-0,warm-batch,14,8495192,7401674,65536,True
K-CALL-llvm-0,warm-batch,14,2725238,1359449,65536,True
K-CALL-cranelift-0,warm-batch,14,2537717,383762,65536,True
K-CALL-c11-2,warm-batch,14,1547032,498132,65536,True
K-CALL-llvm-2,warm-batch,14,1658487,407097,65536,True
K-CALL-cranelift-2,warm-batch,14,1816215,571736,65536,True
K-CALL-c11-s,warm-batch,14,2229199,882061,65536,True
K-CALL-llvm-s,warm-batch,14,1568395,375506,65536,True
K-CALL-cranelift-s,warm-batch,14,1689852,434286,65536,True
K-LOOP-MAX-c11-0,warm-batch,14,8255373,5133641,256,True
K-LOOP-MAX-llvm-0,warm-batch,14,5074396,3674156,256,True
K-LOOP-MAX-cranelift-0,warm-batch,14,3383855,1495162,256,True
K-LOOP-MAX-c11-2,warm-batch,14,2889711,1730982,256,True
K-LOOP-MAX-llvm-2,warm-batch,14,3423454,1694540,256,True
K-LOOP-MAX-cranelift-2,warm-batch,14,1896268,599924,256,True
K-LOOP-MAX-c11-s,warm-batch,14,5484999,1894976,256,True
K-LOOP-MAX-llvm-s,warm-batch,14,3089565,1614423,256,True
K-WORK-EXACT-c11-s,warm-batch,15,3748645,2341647,16,True
K-WORK-EXACT-llvm-s,warm-batch,15,3855924,2554059,16,True
K-WORK-EXACT-cranelift-s,warm-batch,15,2979447,1515762,16,True
K-ADD-c11-0,warm-batch,15,41973138,40763039,262144,True
K-ADD-llvm-0,warm-batch,15,5142320,3753830,262144,True
K-ADD-cranelift-0,warm-batch,15,4333344,2709953,262144,True
K-ADD-c11-2,warm-batch,15,3653344,2151340,262144,True
K-ADD-llvm-2,warm-batch,15,4953248,2540417,262144,True
K-ADD-cranelift-2,warm-batch,15,2784878,1271476,262144,True
K-ADD-c11-s,warm-batch,15,5925458,4219177,262144,True
K-ADD-llvm-s,warm-batch,15,3987719,2340284,262144,True
K-ADD-cranelift-s,warm-batch,15,4478738,2844990,262144,True
K-CALL-c11-0,warm-batch,15,11235068,9302427,65536,True
K-CALL-llvm-0,warm-batch,15,2404190,911472,65536,True
K-CALL-cranelift-0,warm-batch,15,1678862,531657,65536,True
K-CALL-c11-2,warm-batch,15,1790560,484831,65536,True
K-CALL-llvm-2,warm-batch,15,1763608,475133,65536,True
K-CALL-cranelift-2,warm-batch,15,1862557,377936,65536,True
K-CALL-c11-s,warm-batch,15,2142641,858345,65536,True
K-CALL-llvm-s,warm-batch,15,1770173,375482,65536,True
K-CALL-cranelift-s,warm-batch,15,1679625,437919,65536,True
K-LOOP-MAX-c11-0,warm-batch,15,5262610,3983512,256,True
K-LOOP-MAX-llvm-0,warm-batch,15,5419898,4012318,256,True
K-LOOP-MAX-cranelift-0,warm-batch,15,2703902,1501119,256,True
K-LOOP-MAX-c11-2,warm-batch,15,3598440,2204408,256,True
K-LOOP-MAX-llvm-2,warm-batch,15,3054442,1450858,256,True
K-LOOP-MAX-cranelift-2,warm-batch,15,2018376,712262,256,True
K-LOOP-MAX-c11-s,warm-batch,15,4098332,2591475,256,True
K-LOOP-MAX-llvm-s,warm-batch,15,2837950,1641555,256,True
K-LOOP-MAX-cranelift-s,warm-batch,15,3235171,1397371,256,True
K-WORK-EXACT-c11-0,warm-batch,15,6212708,4512581,16,True
K-WORK-EXACT-llvm-0,warm-batch,15,6519772,4642602,16,True
K-WORK-EXACT-cranelift-0,warm-batch,15,6472012,4513513,16,True
K-WORK-EXACT-c11-2,warm-batch,15,6109393,4684882,16,True
K-WORK-EXACT-llvm-2,warm-batch,15,4906419,2910999,16,True
K-WORK-EXACT-cranelift-2,warm-batch,15,2520112,1140701,16,True
K-ADD-llvm-2,warm-batch,16,2947836,1629134,262144,True
K-ADD-cranelift-2,warm-batch,16,2310744,1258834,262144,True
K-ADD-c11-s,warm-batch,16,5639844,3958778,262144,True
K-ADD-llvm-s,warm-batch,16,3764649,2253158,262144,True
K-ADD-cranelift-s,warm-batch,16,3527277,2015556,262144,True
K-CALL-c11-0,warm-batch,16,9982846,8178528,65536,True
K-CALL-llvm-0,warm-batch,16,2287767,804918,65536,True
K-CALL-cranelift-0,warm-batch,16,1680616,481325,65536,True
K-CALL-c11-2,warm-batch,16,2017447,619051,65536,True
K-CALL-llvm-2,warm-batch,16,6210852,1361390,65536,True
K-CALL-cranelift-2,warm-batch,16,13993738,3168519,65536,True
K-CALL-c11-s,warm-batch,16,2415901,837951,65536,True
K-CALL-llvm-s,warm-batch,16,2725684,494816,65536,True
K-CALL-cranelift-s,warm-batch,16,2136422,756347,65536,True
K-LOOP-MAX-c11-0,warm-batch,16,4786399,3378307,256,True
K-LOOP-MAX-llvm-0,warm-batch,16,5396245,4129810,256,True
K-LOOP-MAX-cranelift-0,warm-batch,16,6692506,3167682,256,True
K-LOOP-MAX-c11-2,warm-batch,16,3389246,1788258,256,True
K-LOOP-MAX-llvm-2,warm-batch,16,3259464,1336980,256,True
K-LOOP-MAX-cranelift-2,warm-batch,16,2627495,934240,256,True
K-LOOP-MAX-c11-s,warm-batch,16,2958062,1740852,256,True
K-LOOP-MAX-llvm-s,warm-batch,16,2649904,1563094,256,True
K-LOOP-MAX-cranelift-s,warm-batch,16,1803755,573512,256,True
K-WORK-EXACT-c11-0,warm-batch,16,5083693,3628823,16,True
K-WORK-EXACT-llvm-0,warm-batch,16,7250507,5607802,16,True
K-WORK-EXACT-cranelift-0,warm-batch,16,3569489,2180576,16,True
K-WORK-EXACT-c11-2,warm-batch,16,5744368,2528363,16,True
K-WORK-EXACT-llvm-2,warm-batch,16,5045508,3210046,16,True
K-WORK-EXACT-cranelift-2,warm-batch,16,3780309,1896514,16,True
K-WORK-EXACT-c11-s,warm-batch,16,5399340,3238694,16,True
K-WORK-EXACT-llvm-s,warm-batch,16,3548116,2314253,16,True
K-WORK-EXACT-cranelift-s,warm-batch,16,5282764,2435359,16,True
K-ADD-c11-0,warm-batch,16,35660824,32644949,262144,True
K-ADD-llvm-0,warm-batch,16,3968859,2579108,262144,True
K-ADD-cranelift-0,warm-batch,16,2790539,1343874,262144,True
K-ADD-c11-2,warm-batch,16,3044591,1860617,262144,True
K-CALL-cranelift-0,warm-batch,17,1745713,461721,65536,True
K-CALL-c11-2,warm-batch,17,7416406,3810175,65536,True
K-CALL-llvm-2,warm-batch,17,1983561,375511,65536,True
K-CALL-cranelift-2,warm-batch,17,2327808,661702,65536,True
K-CALL-c11-s,warm-batch,17,2091476,813241,65536,True
K-CALL-llvm-s,warm-batch,17,2849869,934410,65536,True
K-CALL-cranelift-s,warm-batch,17,1621088,370238,65536,True
K-LOOP-MAX-c11-0,warm-batch,17,4810788,3526339,256,True
K-LOOP-MAX-llvm-0,warm-batch,17,5186770,3765142,256,True
K-LOOP-MAX-cranelift-0,warm-batch,17,3577763,1847845,256,True
K-LOOP-MAX-c11-2,warm-batch,17,3436442,1878739,256,True
K-LOOP-MAX-llvm-2,warm-batch,17,2988378,1425759,256,True
K-LOOP-MAX-cranelift-2,warm-batch,17,1659992,578620,256,True
K-LOOP-MAX-c11-s,warm-batch,17,3424338,1972398,256,True
K-LOOP-MAX-llvm-s,warm-batch,17,2882111,1617067,256,True
K-LOOP-MAX-cranelift-s,warm-batch,17,1700003,599403,256,True
K-WORK-EXACT-c11-0,warm-batch,17,5767588,4397652,16,True
K-WORK-EXACT-llvm-0,warm-batch,17,6091011,4608838,16,True
K-WORK-EXACT-cranelift-0,warm-batch,17,6311607,4730413,16,True
K-WORK-EXACT-c11-2,warm-batch,17,5119534,3175764,16,True
K-WORK-EXACT-llvm-2,warm-batch,17,6966171,2465167,16,True
K-WORK-EXACT-cranelift-2,warm-batch,17,2637117,963616,16,True
K-WORK-EXACT-c11-s,warm-batch,17,9612039,5990660,16,True
K-WORK-EXACT-llvm-s,warm-batch,17,3834625,2323720,16,True
K-WORK-EXACT-cranelift-s,warm-batch,17,3955039,1471927,16,True
K-ADD-c11-0,warm-batch,17,40032143,36852040,262144,True
K-ADD-llvm-0,warm-batch,17,7333651,5418966,262144,True
K-ADD-cranelift-0,warm-batch,17,4193604,1687219,262144,True
K-ADD-c11-2,warm-batch,17,3670426,2119856,262144,True
K-ADD-llvm-2,warm-batch,17,4346850,1813722,262144,True
K-ADD-cranelift-2,warm-batch,17,2566697,1249936,262144,True
K-ADD-c11-s,warm-batch,17,5307282,3739920,262144,True
K-ADD-llvm-s,warm-batch,17,3774586,1613859,262144,True
K-ADD-cranelift-s,warm-batch,17,2761686,1358761,262144,True
K-CALL-c11-0,warm-batch,17,8811241,7078711,65536,True
K-CALL-llvm-0,warm-batch,17,1846044,594775,65536,True
K-LOOP-MAX-c11-0,warm-batch,18,4651267,3302787,256,True
K-LOOP-MAX-llvm-0,warm-batch,18,5296811,3881521,256,True
K-LOOP-MAX-cranelift-0,warm-batch,18,2972820,1605145,256,True
K-LOOP-MAX-c11-2,warm-batch,18,3041403,1561076,256,True
K-LOOP-MAX-llvm-2,warm-batch,18,3053158,1703366,256,True
K-LOOP-MAX-cranelift-2,warm-batch,18,2114942,762600,256,True
K-LOOP-MAX-c11-s,warm-batch,18,2860191,1709370,256,True
K-LOOP-MAX-llvm-s,warm-batch,18,3366700,1797108,256,True
K-LOOP-MAX-cranelift-s,warm-batch,18,1921716,588111,256,True
K-WORK-EXACT-c11-0,warm-batch,18,6877096,4542044,16,True
K-WORK-EXACT-llvm-0,warm-batch,18,6717286,4870270,16,True
K-WORK-EXACT-cranelift-0,warm-batch,18,3747140,2377313,16,True
K-WORK-EXACT-c11-2,warm-batch,18,4381626,2478810,16,True
K-WORK-EXACT-llvm-2,warm-batch,18,4241393,2390222,16,True
K-WORK-EXACT-cranelift-2,warm-batch,18,2646056,1210366,16,True
K-WORK-EXACT-c11-s,warm-batch,18,3831184,2441838,16,True
K-WORK-EXACT-llvm-s,warm-batch,18,4041629,2535230,16,True
K-WORK-EXACT-cranelift-s,warm-batch,18,3549221,1625672,16,True
K-ADD-c11-0,warm-batch,18,40033043,38400819,262144,True
K-ADD-llvm-0,warm-batch,18,4253214,2510579,262144,True
K-ADD-cranelift-0,warm-batch,18,2428206,1263066,262144,True
K-ADD-c11-2,warm-batch,18,3019408,1868814,262144,True
K-ADD-llvm-2,warm-batch,18,3502099,2317210,262144,True
K-ADD-cranelift-2,warm-batch,18,2470080,1324153,262144,True
K-ADD-c11-s,warm-batch,18,5958447,4221688,262144,True
K-ADD-llvm-s,warm-batch,18,2814668,1593805,262144,True
K-ADD-cranelift-s,warm-batch,18,2559684,1193277,262144,True
K-CALL-c11-0,warm-batch,18,8838255,7664017,65536,True
K-CALL-llvm-0,warm-batch,18,2159013,765194,65536,True
K-CALL-cranelift-0,warm-batch,18,1762187,415768,65536,True
K-CALL-c11-2,warm-batch,18,1918613,686589,65536,True
K-CALL-llvm-2,warm-batch,18,1738928,464944,65536,True
K-CALL-cranelift-2,warm-batch,18,1808202,604619,65536,True
K-CALL-c11-s,warm-batch,18,2296373,866068,65536,True
K-CALL-llvm-s,warm-batch,18,1893204,465859,65536,True
K-CALL-cranelift-s,warm-batch,18,1883251,404783,65536,True
K-LOOP-MAX-llvm-s,warm-batch,19,2647468,1406798,256,True
K-LOOP-MAX-cranelift-s,warm-batch,19,1819939,667956,256,True
K-WORK-EXACT-c11-0,warm-batch,19,5250610,3720743,16,True
K-WORK-EXACT-llvm-0,warm-batch,19,6249984,4623130,16,True
K-WORK-EXACT-cranelift-0,warm-batch,19,3603329,2249580,16,True
K-WORK-EXACT-c11-2,warm-batch,19,3542974,2172218,16,True
K-WORK-EXACT-llvm-2,warm-batch,19,4182162,2608016,16,True
K-WORK-EXACT-cranelift-2,warm-batch,19,3086579,1517194,16,True
K-WORK-EXACT-c11-s,warm-batch,19,4469938,2880185,16,True
K-WORK-EXACT-llvm-s,warm-batch,19,4516682,2962483,16,True
K-WORK-EXACT-cranelift-s,warm-batch,19,2610637,1286350,16,True
K-ADD-c11-0,warm-batch,19,34269128,32625109,262144,True
K-ADD-llvm-0,warm-batch,19,4183719,2615334,262144,True
K-ADD-cranelift-0,warm-batch,19,4012461,2279342,262144,True
K-ADD-c11-2,warm-batch,19,3160496,1879599,262144,True
K-ADD-llvm-2,warm-batch,19,2830705,1596744,262144,True
K-ADD-cranelift-2,warm-batch,19,3538920,1358397,262144,True
K-ADD-c11-s,warm-batch,19,4564108,3364506,262144,True
K-ADD-llvm-s,warm-batch,19,3002049,1719237,262144,True
K-ADD-cranelift-s,warm-batch,19,3479088,1774745,262144,True
K-CALL-c11-0,warm-batch,19,8604044,7073882,65536,True
K-CALL-llvm-0,warm-batch,19,1821164,650838,65536,True
K-CALL-cranelift-0,warm-batch,19,1911501,686235,65536,True
K-CALL-c11-2,warm-batch,19,2404002,904702,65536,True
K-CALL-llvm-2,warm-batch,19,1596136,389576,65536,True
K-CALL-cranelift-2,warm-batch,19,1821003,382272,65536,True
K-CALL-c11-s,warm-batch,19,2507464,989505,65536,True
K-CALL-llvm-s,warm-batch,19,5071921,520591,65536,True
K-CALL-cranelift-s,warm-batch,19,3567332,380733,65536,True
K-LOOP-MAX-c11-0,warm-batch,19,6771608,4203739,256,True
K-LOOP-MAX-llvm-0,warm-batch,19,5989400,3530709,256,True
K-LOOP-MAX-cranelift-0,warm-batch,19,4777952,2133519,256,True
K-LOOP-MAX-c11-2,warm-batch,19,7128308,1819182,256,True
K-LOOP-MAX-llvm-2,warm-batch,19,3102147,1707762,256,True
K-LOOP-MAX-cranelift-2,warm-batch,19,2031961,647468,256,True
K-LOOP-MAX-c11-s,warm-batch,19,3310678,1984980,256,True
K-WORK-EXACT-cranelift-2,warm-batch,20,3853167,1979239,16,True
K-WORK-EXACT-c11-s,warm-batch,20,6656743,4442427,16,True
K-WORK-EXACT-llvm-s,warm-batch,20,10123689,7180388,16,True
K-WORK-EXACT-cranelift-s,warm-batch,20,2990561,1373708,16,True
K-ADD-c11-0,warm-batch,20,31754616,30168405,262144,True
K-ADD-llvm-0,warm-batch,20,5401029,3204991,262144,True
K-ADD-cranelift-0,warm-batch,20,3368092,1475534,262144,True
K-ADD-c11-2,warm-batch,20,3870946,2264395,262144,True
K-ADD-llvm-2,warm-batch,20,3932349,2662748,262144,True
K-ADD-cranelift-2,warm-batch,20,5432102,2468080,262144,True
K-ADD-c11-s,warm-batch,20,5129582,3744716,262144,True
K-ADD-llvm-s,warm-batch,20,3511910,2208659,262144,True
K-ADD-cranelift-s,warm-batch,20,2999111,1288557,262144,True
K-CALL-c11-0,warm-batch,20,14837649,12962960,65536,True
K-CALL-llvm-0,warm-batch,20,3391825,1841224,65536,True
K-CALL-cranelift-0,warm-batch,20,4471080,450150,65536,True
K-CALL-c11-2,warm-batch,20,2085596,677850,65536,True
K-CALL-llvm-2,warm-batch,20,2214029,637534,65536,True
K-CALL-cranelift-2,warm-batch,20,1815949,405384,65536,True
K-CALL-c11-s,warm-batch,20,2763163,1301970,65536,True
K-CALL-llvm-s,warm-batch,20,1700756,375498,65536,True
K-CALL-cranelift-s,warm-batch,20,2287957,795177,65536,True
K-LOOP-MAX-c11-0,warm-batch,20,11384746,9895732,256,True
K-LOOP-MAX-llvm-0,warm-batch,20,5116957,3374133,256,True
K-LOOP-MAX-cranelift-0,warm-batch,20,3400697,1991481,256,True
K-LOOP-MAX-c11-2,warm-batch,20,3511111,1900376,256,True
K-LOOP-MAX-llvm-2,warm-batch,20,3416425,1712411,256,True
K-LOOP-MAX-cranelift-2,warm-batch,20,2051147,594562,256,True
K-LOOP-MAX-c11-s,warm-batch,20,4041974,1799155,256,True
K-LOOP-MAX-llvm-s,warm-batch,20,4079377,1558817,256,True
K-LOOP-MAX-cranelift-s,warm-batch,20,3100466,569851,256,True
K-WORK-EXACT-c11-0,warm-batch,20,6203628,4186112,16,True
K-WORK-EXACT-llvm-0,warm-batch,20,5920659,4414652,16,True
K-WORK-EXACT-cranelift-0,warm-batch,20,4169283,2420302,16,True
K-WORK-EXACT-c11-2,warm-batch,20,4068585,2547553,16,True
K-WORK-EXACT-llvm-2,warm-batch,20,3737899,2311961,16,True
